<?xml version="1.0" encoding="utf-8"?>
<install type="module" version="1.5.0" method="upgrade">
        <name>Realm Status</name> 
        <author>SoylentCode</author> 
        <creationDate>September 2010</creationDate> 
        <copyright>All rights reserved Brad Cimbura</copyright> 
        <license>GNU/GPLv3 http://www.gnu.org/licenses/gpl-3.0.html</license>
        <authorEmail>admin@soylentcode.com</authorEmail> 
        <authorUrl>soylentcode.com</authorUrl> 
        <version>0.9.1</version> 
        <description>realm status</description>
        <files>
                <filename module="mod_realm_status">mod_realm_status.php</filename>
                <filename>index.html</filename>
                <filename>helper.php</filename>
                <filename>tmpl/default.php</filename>
                <filename>tmpl/index.html</filename>
                <folder>images/</folder>
        </files>
        <params>
           <param name="realm" type="text" default="Whisperwind" label="Realm Name" description="Realm Name" />
           <param name="region" type="list" default="us" label="Region" description="Country Region">
             <option value="us">us</option>
             <option value="eu">eu</option>
           </param>           
           <param name="display" type="list" default="full" label="Image Display" description="Image Display">
             <option value="full">Full Image</option>
             <option value="half">Half Image</option>
             <option value="text">Text Only</option>
           </param>
           <param name="imagetype" type="list" default="png" label="Image Type" description="Image File Type">
             <option value="png">Png</option>
             <option value="gif">Gif</option>
           </param>
           <param name="updatetimer" type="text" default="10" label="Update Timer" description="Minutes Between Updates" />           
        </params>
</install>
